Semi_Major_Axis__km,Eccentricity___,Inclination__degree,Right_Ascention_Of_Ascending_Node__degree,Argument_Of_Perigee_degree,Argument_Of_True_Anomaly__degree,Initial_Argument_of_True_Anomaly_Delta__degree,Number_Of_Event_Sequence_Repeats,Bridge_Function_Name,Event_Sequence_Name,Simulation_Time__Days,Average_Drift_Over_Last_Day_Of_Simulation_With_Control__km,Average_Drift_Over_Last_Day_of_Simulation_Without_Control__km
6904.89222360324,0.0002542,2,47.8475,146.8877,0,60,1,bridgeToDepritSpace,Hamiltonian Matching Sequence,60,5.43813576963294,6.01158621139712
6904.89222360324,0.0002542,4.93333333333333,47.8475,146.8877,0,60,1,bridgeToDepritSpace,Hamiltonian Matching Sequence,60,5.07963970098717,6.5445203592808
6904.89222360324,0.0002542,7.86666666666667,47.8475,146.8877,0,60,1,bridgeToDepritSpace,Hamiltonian Matching Sequence,60,4.35571408043234,7.49277892760438
6904.89222360324,0.0002542,10.8,47.8475,146.8877,0,60,1,bridgeToDepritSpace,Hamiltonian Matching Sequence,60,3.47936143616334,8.79414791753061
6904.89222360324,0.0002542,13.7333333333333,47.8475,146.8877,0,60,1,bridgeToDepritSpace,Hamiltonian Matching Sequence,60,2.26297950858225,10.3617959550393
6904.89222360324,0.0002542,16.6666666666667,47.8475,146.8877,0,60,1,bridgeToDepritSpace,Hamiltonian Matching Sequence,60,1.13771701737824,12.0903038767565
6904.89222360324,0.0002542,19.6,47.8475,146.8877,0,60,1,bridgeToDepritSpace,Hamiltonian Matching Sequence,60,0.256618409862313,13.8592335367093
6904.89222360324,0.0002542,22.5333333333333,47.8475,146.8877,0,60,1,bridgeToDepritSpace,Hamiltonian Matching Sequence,60,-0.375874477270372,15.5297957284001
6904.89222360324,0.0002542,25.4666666666667,47.8475,146.8877,0,60,1,bridgeToDepritSpace,Hamiltonian Matching Sequence,60,-1.15321957471951,16.9630518556769
6904.89222360324,0.0002542,28.4,47.8475,146.8877,0,60,1,bridgeToDepritSpace,Hamiltonian Matching Sequence,60,-0.66288654037271,18.0397577511249
6904.89222360324,0.0002542,31.3333333333333,47.8475,146.8877,0,60,1,bridgeToDepritSpace,Hamiltonian Matching Sequence,60,0.401079532512085,18.6158075699013
6904.89222360324,0.0002542,34.2666666666667,47.8475,146.8877,0,60,1,bridgeToDepritSpace,Hamiltonian Matching Sequence,60,2.18822864909453,18.5828244672675
6904.89222360324,0.0002542,37.2,47.8475,146.8877,0,60,1,bridgeToDepritSpace,Hamiltonian Matching Sequence,60,5.36686041389112,17.8709121938482
6904.89222360324,0.0002542,40.1333333333333,47.8475,146.8877,0,60,1,bridgeToDepritSpace,Hamiltonian Matching Sequence,60,9.48332546258916,16.3736419906709
6904.89222360324,0.0002542,43.0666666666667,47.8475,146.8877,0,60,1,bridgeToDepritSpace,Hamiltonian Matching Sequence,60,14.1476436796393,14.1076001121583
6904.89222360324,0.0002542,46,47.8475,146.8877,0,60,1,bridgeToDepritSpace,Hamiltonian Matching Sequence,60,18.4031884089709,11.019460604567
6904.89222360324,0.0002542,48.9333333333333,47.8475,146.8877,0,60,1,bridgeToDepritSpace,Hamiltonian Matching Sequence,60,19.9084524093123,7.17562550540515
6904.89222360324,0.0002542,51.8666666666667,47.8475,146.8877,0,60,1,bridgeToDepritSpace,Hamiltonian Matching Sequence,60,16.6106704489421,2.62647091714189
6904.89222360324,0.0002542,54.8,47.8475,146.8877,0,60,1,bridgeToDepritSpace,Hamiltonian Matching Sequence,60,9.81263222582038,-2.55513623812476
6904.89222360324,0.0002542,57.7333333333333,47.8475,146.8877,0,60,1,bridgeToDepritSpace,Hamiltonian Matching Sequence,60,1.94894849604407,-8.19368056568874
6904.89222360324,0.0002542,60.6666666666667,47.8475,146.8877,0,60,1,bridgeToDepritSpace,Hamiltonian Matching Sequence,60,-5.28592463013774,-14.2228421796426
6904.89222360324,0.0002542,63.6,47.8475,146.8877,0,60,1,bridgeToDepritSpace,Hamiltonian Matching Sequence,60,-10.3406845453956,-20.4096300208221
6904.89222360324,0.0002542,66.5333333333333,47.8475,146.8877,0,60,1,bridgeToDepritSpace,Hamiltonian Matching Sequence,60,-12.5854001477246,-26.6007767283099
6904.89222360324,0.0002542,69.4666666666667,47.8475,146.8877,0,60,1,bridgeToDepritSpace,Hamiltonian Matching Sequence,60,-12.8965198263086,-32.6553857791559
6904.89222360324,0.0002542,72.4,47.8475,146.8877,0,60,1,bridgeToDepritSpace,Hamiltonian Matching Sequence,60,-11.7375828227432,-38.3347420645141
6904.89222360324,0.0002542,75.3333333333333,47.8475,146.8877,0,60,1,bridgeToDepritSpace,Hamiltonian Matching Sequence,60,-10.3812731649459,-43.4663557299373
6904.89222360324,0.0002542,78.2666666666667,47.8475,146.8877,0,60,1,bridgeToDepritSpace,Hamiltonian Matching Sequence,60,-8.78010668412207,-47.9224660509481
6904.89222360324,0.0002542,81.2,47.8475,146.8877,0,60,1,bridgeToDepritSpace,Hamiltonian Matching Sequence,60,-7.43485081367089,-51.5601377311896
6904.89222360324,0.0002542,84.1333333333333,47.8475,146.8877,0,60,1,bridgeToDepritSpace,Hamiltonian Matching Sequence,60,-6.33582489891069,-54.2485588424606
6904.89222360324,0.0002542,87.0666666666667,47.8475,146.8877,0,60,1,bridgeToDepritSpace,Hamiltonian Matching Sequence,60,-5.62306498845737,-55.8962076632342
6904.89222360324,0.0002542,90,47.8475,146.8877,0,60,1,bridgeToDepritSpace,Hamiltonian Matching Sequence,60,-5.36568221178732,-56.4510447302828
6904.89222360324,0.0002542,92.9333333333333,47.8475,146.8877,0,60,1,bridgeToDepritSpace,Hamiltonian Matching Sequence,60,-5.46077343203706,-55.8961942883052
6904.89222360324,0.0002542,95.8666666666667,47.8475,146.8877,0,60,1,bridgeToDepritSpace,Hamiltonian Matching Sequence,60,-6.28749462174619,-54.2485539594654
6904.89222360324,0.0002542,98.8,47.8475,146.8877,0,60,1,bridgeToDepritSpace,Hamiltonian Matching Sequence,60,-7.36226490914214,-51.5601195387408
6904.89222360324,0.0002542,101.733333333333,47.8475,146.8877,0,60,1,bridgeToDepritSpace,Hamiltonian Matching Sequence,60,-8.83562329880715,-47.9224634652219
6904.89222360324,0.0002542,104.666666666667,47.8475,146.8877,0,60,1,bridgeToDepritSpace,Hamiltonian Matching Sequence,60,-10.5015902278446,-43.4663283053033
6904.89222360324,0.0002542,107.6,47.8475,146.8877,0,60,1,bridgeToDepritSpace,Hamiltonian Matching Sequence,60,-11.971749661021,-38.3347380476298
6904.89222360324,0.0002542,110.533333333333,47.8475,146.8877,0,60,1,bridgeToDepritSpace,Hamiltonian Matching Sequence,60,-12.7610100468737,-32.6553768967406
6904.89222360324,0.0002542,113.466666666667,47.8475,146.8877,0,60,1,bridgeToDepritSpace,Hamiltonian Matching Sequence,60,-12.2181014307826,-26.6007843018606
6904.89222360324,0.0002542,116.4,47.8475,146.8877,0,60,1,bridgeToDepritSpace,Hamiltonian Matching Sequence,60,-10.4439380710755,-20.4096143449196
6904.89222360324,0.0002542,119.333333333333,47.8475,146.8877,0,60,1,bridgeToDepritSpace,Hamiltonian Matching Sequence,60,-5.47832477157317,-14.2228427151713
6904.89222360324,0.0002542,122.266666666667,47.8475,146.8877,0,60,1,bridgeToDepritSpace,Hamiltonian Matching Sequence,60,2.08145426674855,-8.19369208398439
6904.89222360324,0.0002542,125.2,47.8475,146.8877,0,60,1,bridgeToDepritSpace,Hamiltonian Matching Sequence,60,10.0407482789788,-2.55512484898463
6904.89222360324,0.0002542,128.133333333333,47.8475,146.8877,0,60,1,bridgeToDepritSpace,Hamiltonian Matching Sequence,60,16.5457153375255,2.6264709171237
6904.89222360324,0.0002542,131.066666666667,47.8475,146.8877,0,60,1,bridgeToDepritSpace,Hamiltonian Matching Sequence,60,19.9506963102376,7.17562550583989
6904.89222360324,0.0002542,134,47.8475,146.8877,0,60,1,bridgeToDepritSpace,Hamiltonian Matching Sequence,60,18.5038748544075,11.0194288175844
6904.89222360324,0.0002542,136.933333333333,47.8475,146.8877,0,60,1,bridgeToDepritSpace,Hamiltonian Matching Sequence,60,14.1298855445311,14.1076369313969
6904.89222360324,0.0002542,139.866666666667,47.8475,146.8877,0,60,1,bridgeToDepritSpace,Hamiltonian Matching Sequence,60,9.49400270038132,16.373641989795
6904.89222360324,0.0002542,142.8,47.8475,146.8877,0,60,1,bridgeToDepritSpace,Hamiltonian Matching Sequence,60,5.37142639601734,17.8709040241001
6904.89222360324,0.0002542,145.733333333333,47.8475,146.8877,0,60,1,bridgeToDepritSpace,Hamiltonian Matching Sequence,60,2.21661089747522,18.5828128528692
6904.89222360324,0.0002542,148.666666666667,47.8475,146.8877,0,60,1,bridgeToDepritSpace,Hamiltonian Matching Sequence,60,0.259930844397786,18.6157835999948
6904.89222360324,0.0002542,151.6,47.8475,146.8877,0,60,1,bridgeToDepritSpace,Hamiltonian Matching Sequence,60,-0.67733360116199,18.0397693750356
6904.89222360324,0.0002542,154.533333333333,47.8475,146.8877,0,60,1,bridgeToDepritSpace,Hamiltonian Matching Sequence,60,-0.821952509887524,16.9630222932064
6904.89222360324,0.0002542,157.466666666667,47.8475,146.8877,0,60,1,bridgeToDepritSpace,Hamiltonian Matching Sequence,60,-0.693339374437528,15.5297696871503
6904.89222360324,0.0002542,160.4,47.8475,146.8877,0,60,1,bridgeToDepritSpace,Hamiltonian Matching Sequence,60,0.26785061253122,13.8592310997265
6904.89222360324,0.0002542,163.333333333333,47.8475,146.8877,0,60,1,bridgeToDepritSpace,Hamiltonian Matching Sequence,60,1.31078854252246,12.090307292121
6904.89222360324,0.0002542,166.266666666667,47.8475,146.8877,0,60,1,bridgeToDepritSpace,Hamiltonian Matching Sequence,60,2.34776823260654,10.3617991941574
6904.89222360324,0.0002542,169.2,47.8475,146.8877,0,60,1,bridgeToDepritSpace,Hamiltonian Matching Sequence,60,3.51601180723537,8.79414806918794
6904.89222360324,0.0002542,172.133333333333,47.8475,146.8877,0,60,1,bridgeToDepritSpace,Hamiltonian Matching Sequence,60,4.34890574123892,7.49278097260139
6904.89222360324,0.0002542,175.066666666667,47.8475,146.8877,0,60,1,bridgeToDepritSpace,Hamiltonian Matching Sequence,60,5.04226330781057,6.54451850518853
6904.89222360324,0.0002542,178,47.8475,146.8877,0,60,1,bridgeToDepritSpace,Hamiltonian Matching Sequence,60,5.429366349882,6.01158669191045
